Model name,Pricing
三星 Galaxy C5（SM-C5000）4GB+32GB 枫叶金 全网通4G手机 双卡双待*,¥1999.00
三星 Galaxy A9（SM-A9100）魔幻金 全网通4G手机 双卡双待*,¥2290.00
三星 Galaxy On5 （G5700） 3GB+32GB 臻金版 流沙金 全网通4G手机 双卡双待*,¥1199.00
三星 Galaxy C7（SM-C7000）4GB+32GB 烟雨灰 全网通4G手机 双卡双待*,¥2399.00
三星 Galaxy C9 Pro（C9000）6GB+64GB 墨玉黑 全网通4G手机 双卡双待*,¥3199.00
三星 Galaxy S6 Edge+（G9280）4GB+32GB 铂光金 全网通4G手机*,¥3588.00
三星 Galaxy Note5（N9200）4GB+32GB 铂光金 全网通4G手机 双卡双待*,¥3199.00
三星 Galaxy Folder（SM-G1600） 金色 双卡全网通4G 翻盖手机*,¥1499.00
三星 Galaxy S6（G9209）3GB+32GB 雪晶白 电信4G手机 双卡双待*,¥2399.00
三星（SAMSUNG）Galaxy C5 Pro（C5010）4GB+64GB版 碧湖蓝 移动联通电信4G手机 双卡双待*,¥2499.00
三星 E1088C 酷岩灰 移动联通2G手机*,¥179.00
三星 2016版 Galaxy On7（G6100）全网通 4G手机 双卡双待 黑色 (3G RAM+32G ROM)标准版 ,¥1436.00
三星GALAXY J3 Pro手机 金色 移动联通4G版(J3110)标配 ,¥758.00
三星 Galaxy S7 edge（G9350）4GB 64GB 铂光金 全网通4G手机 双卡双待*,¥5188.00
三星 Galaxy C7（SM-C7000）4GB 64GB 蔷薇粉 全网通4G手机 双卡双待*,¥2599.00
三星 Galaxy Folder SM-G1600 翻盖手机 金色 全网通(2GRAM+16GROM)标配 ,¥1451.00
三星 大器III尊贵版（SM-G9092）名仕蓝 联通3G手机 双卡双待双通*,¥2999.00
三星 Galaxy C9 Pro（C9000）6GB 64GB 墨玉黑 全网通4G手机 双卡双待*,¥3199.00
三星GALAXY J3 Pro（J3110/J3119）智能4G手机 双卡双待 流沙金 电信版4G(2GB RAM+16GB ROM)标配 ,¥719.00
三星 Galaxy C5（SM-C5000）4GB 64GB 枫叶金 全网通4G手机 双卡双待*,¥2199.00
三星 Galaxy On7（G6000）昂小七 双卡双待 金色 全网通8G ,¥899.00
三星 Galaxy C9 Pro（C9000）双卡双待4G手机 枫叶金 全网通(6G RAM+64G ROM) 标准 ,¥2799.00
三星 (SAMSUNG) Galaxy C5 Pro（C5010） 双卡双待4G智能手机 枫叶金 全网通(4G RAM+64G ROM) 标配 ,¥2499.00
（现货）三星（SAMSUNG）Galaxy S8/S8+ 曲面屏设计 全网通智能手机 S8 谜夜黑 4+64G（现货） ,¥5966.00
三星(SAMSUNG) Galaxy C9 Pro (C9000)全网通4G手机 双卡双待 金色 ,¥2888.00
三星 Galaxy A9 全网通4G手机 三星Galaxy A9雪域白高配版 ,¥2405.00
全球购 三星（SAMSUNG）Galaxy C5Pro（C5010）双卡双待4G全网通手机 碧湖蓝 4G+64G ,¥2499.00
全球购 三星/SAMSUNG SCH-E339电信直板按键CDMA天翼学生老人备用手机 黑色 官方标配 ,¥488.00
预售 三星 SAMSUNG S8 曲面屏设计 64G智能手机 双曲屏 防水手机 海外版 幻紫灰 ,¥6988.00
三星 Galaxy Note5（N9200） 铂光金 全网通(4GB RAM+32G ROM) ,¥3499.00
三星 G9198 移动联通双4G 手机 深蓝色 ,¥8888.00
三星 Galaxy C7（SM-C7000）移动联通电信全网通4G手机 烟雨灰 标准版(4GB RAM+32GB ROM)标配 ,¥1999.00
三星（SAMSUNG）GALAXY S8+（plus） S8+ 星夜黑 4GB+64GB 标配（韩版 单卡移动联通双4G） ,¥6999.00
三星 J3110 全网通 4G手机 三星 J3110 银色 5.0寸 16G全网通 ,¥815.00
SUMSUNG/三星 Galaxy A9（SM-A9100）手机 移动联通电信4G高配版 白色 全网通（4+32G） ,¥2666.00
预售 Samsung/三星 GALAXY S8+ 移动联通4G 双曲屏 防水手机 海外版 幻紫灰 ,¥7988.00
全球购 三星/SamsungE329电信版老人机天翼CDMA电信手机直板大屏老年手机 黑色 官方标配 ,¥388.00
SAMSUNG/三星 B309 手机 电信 小手机 天翼 学生手机 老人手机 直板按键备用 B309 电信 标配 ,¥229.00
全球购 三星/SAMSUNG SCH-E339电信直板按键CDMA天翼学生老人备用手机 黑色 官方标配 ,¥488.00
三星 SAMSUNG S8+ 新品发布 现货 韩版 紫色 ,¥6999.00
三星 领世旗舰Ⅲ G9198 寰宇蓝 移动联通双4G手机 ,¥6888.00
三星Samsung(A310FD) A3 2016 雙卡 簡輸 16GB 联通移动 黑色 ,¥1658.00
三星C7010 全网通 4G手机 三星 C7010 蓝 5.7寸 64G全网通 ,¥2438.00
三星 SM-G6000 白色 三星SM-G6000 流沙金 16G全网通 ,¥900.00
三星 Galaxy On5（G5500） 移动联通4G手机 金色 标配版 ,¥799.00
【电信天翼】 三星 B309 手机 电信 小手机 天翼 学生手机 老人手机 直板按键备用 B309 三星专用接口 标配 ,¥229.00
三星 G9300 全网通 4G手机 三星G9300 S7 黑色 5.1寸 32G全网通 ,¥3745.00
亚太版 现货 三星（SAMSUNG）Galaxy S8 Plus S8+双曲屏防水智能手机 珊瑚蓝 4GB+64GB 标配 移动联通4G ,¥7199.00
全球购 三星/SamsungE329电信版老人机天翼CDMA电信手机直板大屏老年手机 黑色 官方标配 ,¥388.00
三星 Note5/N9200全网通 4G手机 三星Note5 N9200白色 ,¥3195.00
三星S 手机 骁龙820三星s7 金色 标配 ,¥4888.00
三星（SAMSUNG）Galaxy C5 Pro（C5010）手机 高配版 粉色 ,¥2388.00
亚太版 现货 三星（SAMSUNG）GALAXY S8 Plus S8+ 双曲屏 防水手机 珊瑚蓝 4GB+64G 移动联通4G ,¥6869.00
三星 Galaxy G5510/G5520/G5700 全网通4G 手机 三星G5700 黑 5.0寸 32G全网通 ,¥1125.00
三星 G9350 全网通 4G手机 三星G9350 S7 edge+ 32G粉色 全网通32G ,¥4200.00
全球购 三星 Galaxy C7 Pro（C7010）4G手机 双卡双待 全网通 枫叶金 4G+64G ,¥2899.00
三星 SM-G5500 全网通 4G手机 三星SM-G5500月莹白色 ,¥750.00
三星c5 pro (C5010) 手机 碧湖蓝 全网通4G(4G RAM+64G ROM) 标配 ,¥2499.00
三星手机SM-W2016/SM-W2017/SM-G9198/SM-W2015 4G手机 三星W2017 尊贵金 ,¥12400.00
三星（SAMSUNG）Galaxy S8 移动联通4G 曲屏防水手机 5.8寸大屏幕 幻紫灰 4GB+64GB 标配版 ,¥7888.00
三星 Galaxy C5000 全网通 4G手机 三星 C5000 金色 64G全网通 ,¥1805.00
三星 G6100 全网通 4G手机 三星G6100 金色 5.5寸 32G全网通 ,¥1415.00
全球购 三星/Samsung E329老款电信版老人机天翼CDMA直板大声大屏3G手机 黑色 官方标配 ,¥399.00
三星 （SAMSUNG）Galaxy S8 5.8寸曲屏 移动联通4G 智能手机 枫叶金 4GB+64GB 标配版 ,¥6599.00
三星(SAMSUNG) Galaxy C5 C5000 4G手机 双卡双待 电信联通 灰色 64GB ,¥2088.00
三星 C7000 全网通 4G手机 三星 C7000 粉 5.7寸 全网通32G ,¥1965.00
全球购 三星(SAMSUNG) Galaxy C9 Pro (C9000) 4G全网通手机 蔷薇粉 6G+64G ,¥3199.00
SAMSUNG 三星 Galaxy S8 5.8寸曲面屏 面部识别虹膜 智能手机 珊瑚蓝 64G 港行（现货） ,¥7199.00
三星 Galaxy C5（SM-C5000）移动联通电信 全网通4G手机 双卡双待 枫叶金 标配版4G(4G RAM+32G ROM) ,¥1649.00
三星 2016版 Galaxy On5（G5700） 全网通4G手机 钛岩黑 (3G RAM+32G ROM) 标配 ,¥1126.00
三星 Galaxy C7（SM-C7000） 移动联通电信 全网通4G手机 双卡双待 枫叶金 标准版(4GB RAM+32GB ROM) ,¥1998.00
三星 Galaxy C9 Pro（C9000）手机 墨玉黑 全网通4G(6G RAM+64G ROM)标配 ,¥2788.00
三星 Galaxy ON5 时尚版 (G5520) 全网通4G 智能手机 金色 (2G RAM +16G ROM) 标配 ,¥858.00
三星 Galaxy A7 (SM-A7000) 移动联通4G手机 双卡双待 雪域白 移动联通4G ,¥1268.00
三星 Galaxy S7 edge (G9350) 4G手机 双卡双待 珊瑚蓝 全网通(4GRAM+32GROM)标配 ,¥4288.00
三星 Galaxy S7 （G9300）移动联通电信 4G手机 双卡双待 铂光金 全网通(4GB RAM+32GB ROM)标配 ,¥3499.00
三星(SAMSUNG) J3 Pro (J3110) 移动联通4G手机 双卡双待 金色 移动联通4G ( J3110 ) ,¥759.00
三星(SAMSUNG) Galaxy S7 edge (G9350) 4G手机 双卡双待 星钻黑 全网通(4G RAM+32G ROM)标配 ,¥4288.00
三星 2016版 Galaxy On5(G5510) 双卡双待 手机 流沙金 全网通青春版(2G RAM+16G ROM) ,¥788.00
三星 2016版 Galaxy On5 （G5700）32G 全网通 4G手机 双卡双待 流沙金 全网通(3GB RAM+32GB ROM) ,¥1199.00
三星 W2016 金色 电信4G手机 双卡双待单通*,¥10999.00
三星Galaxy C9 Pro 手机 墨玉黑 全网通(6GRAM+64G ROM) ,¥3199.00
三星 Galaxy A9 (SM-A9100) 移动联通电信 4G手机 双卡双待 魔幻金 全网通4G(4GB RAM+32GB ROM)标配 ,¥2199.00
三星 ON5 时尚版 (G5520) 全网通4G 手机 流沙金 全网通(2G RAM +16G ROM) ,¥899.00
三星(SAMSUNG) W2017 翻盖4G手机 双卡双待 金色 电信版(4G RAM+64G ROM)标配 ,¥13888.00
三星(SAMSUNG) W2016双卡双待 4G手机 尊贵金 电信4G(3GRAM+64GROM) ,¥8788.00
三星 J3 Pro 手机 金色 移动联通双4G(2G RAM+16GROM)标配 ,¥799.00
三星 2016版 Galaxy On7(G6100) 手机 钛岩黑 全网通标配 ,¥1435.00
三星 Galaxy Folder (SM-G1600) 触摸屏翻盖 智能4G手机 金色 全网通4G(2GB RAM+16GB ROM)标准 ,¥1451.00
三星Galaxy C7 Pro(C7010)手机 枫叶金 全网通(4GB RAM+64GB ROM) ,¥2199.00
三星c5 pro (C5010) 手机 碧湖蓝 全网通4G(4G RAM+64G ROM) 标配 ,¥2499.00
三星GALAXY J3 Pro 4G手机 双卡双待 金色 电信4G版(J3119)标配 ,¥749.00
三星 Galaxy A9 (SM-A9100) 双卡双待手机 魔幻金 全网通4G标配 ,¥2188.00
三星 Galaxy Folder(SM-G1600) 翻盖手机 全网通4G 【12期免息】金色 (2G+16G)标配 ,¥1451.00
三星(SAMSUNG) W2016双卡双待 4G手机 尊贵金 电信4G标配版 ,¥8568.00
三星 Galaxy C7 Pro（C7010）4GB 64GB 蔷薇粉 全网通4G手机 双卡双待*,¥2899.00
三星 Galaxy S7 edge (G9350) 4G智能手机 星钻黑 全网通(4+32G) ,¥4288.00
三星 Galaxy C5（SM-C5000）智能4G手机 双卡双待 烟雨灰 全网通(4G RAM+32G ROM)标配 ,¥1698.00
三星 Galaxy Folder2 (SM-G1600) 翻盖手机 全网通4G 金色 (2G RAM+16G ROM) 标配版 ,¥1451.00
三星 Galaxy On5(G5700) 全网通4G智能手机 移动联通电信 (3GB+32GB) 钛岩黑 ,¥1299.00
三星 Galaxy S7（G9300/G9308） 手机 铂光金 全网通(4G RAM+32GROM)标配版 ,¥3535.00
三星 Galaxy C9 Pro(C9000) 全网通4G 智能手机 (6GB+64GB)蔷薇粉 ,¥3199.00
三星 Galaxy C7（SM-C7000）全网通手机 蔷薇粉 C7(4RAM+64ROM)版 ,¥2099.00
三星 Galaxy C7（SM-C7000） 智能4G手机 双卡双待 烟雨灰 全网通(4GRAM+32GROM)标配 ,¥1999.00
三星 Galaxy S7 4G手机 星钻黑 全网通(G9300 4+32) ,¥3848.00
三星 Galaxy S6 Edge+（G9280） 手机 雪晶白 全网通 (4G RAM+32G ROM) 标配 ,¥3488.00
三星 Galaxy C9 Pro（C9000）双卡双待 4G手机 枫叶金 全网通4G (6G RAM+64G ROM) 标配 ,¥2686.00
三星 C5（SM-C5000） 全网通4G手机 蔷薇粉 标配版(4+32G) ,¥1668.00
三星Galaxy C7 Pro(C7010)手机 枫叶金 全网通(4GB RAM+64GB ROM) ,¥2299.00
三星 Galaxy On5（G5510）全网通4G 青春版 智能手机 流沙金(2+16G) ,¥999.00
三星(SAMSUNG) W2017 翻盖4G手机 尊贵金 电信4G(4G RAM+64G ROM)标配 ,¥12999.00
三星 Galaxy S7 edge（G9350）手机 钛泽银 全网通 (4GB RAM+32GB ROM)标配 ,¥4188.00
三星(SAMSUNG) W2016双卡双待 4G手机 尊崇银 电信4G(3GRAM+64GROM)标配 ,¥10388.00
三星(SAMSUNG) W2017 翻盖手机 金色 电信4G版(4G+64G)标配 ,¥13028.00
三星 时尚版 Galaxy On5 （G5520）移动联通电信 4G手机 流沙金 全网通(2G RAM +16G ROM) ,¥839.00
三星 Galaxy On5(G5510) 青春版 移动联通电信4G 双卡双待手机 嫣霞粉 全网通4G (2G RAM+16G ROM) 标配 ,¥788.00
三星 W2015 电信4G手机 双卡双待双通 至尊银 ,¥5999.00
三星 W999 翻盖手机 双卡双待! 黑色 电信3G ,¥1699.00
三星Galaxy C7 Pro（C7010）手机 粉色 全网通4G (4G RAM+64G ROM) 标配 ,¥2899.00
【京东配送】三星 Galaxy S7 edge（G9350）三星s7手机 铂光金 移动4G/联通4G/电信4G(4G+32G) ,¥4888.00
三星 Galaxy C5（SM-C5000）移动联通电信4G手机 双卡双待 枫叶金 4GRAM+32GROM 版标配 ,¥1648.00
三星 Galaxy C9 Pro（C9000）手机 墨玉黑 全网通4G(6G RAM+64G ROM)标配 ,¥2799.00
三星 2016版 Galaxy On5 （G5700）全网通 4G手机 钛岩黑 全网通标配 ,¥1119.00
三星 Galaxy S7 edge（G9350）手机 钛泽银 全网通(4GB+32GB)版 ,¥4188.00
三星 Galaxy C5（SM-C5000）手机 金色 全网通4G(4G RAM+32G ROM) 标配 ,¥1799.00
三星 Galaxy S7 edge（G9350）全网通4G 智能手机 (4GB+32GB) 钛泽银 ,¥4888.00
三星 Galaxy S7 (G9300) 全网通4G手机 双卡双待 雪晶白 标配 ,¥3688.00
三星W2017 双卡双待 翻盖4G手机 黑色 电信(4G RAM+64G ROM) ,¥19888.00
三星 Galaxy C5（SM-C5000）双卡双待手机 烟雨灰 全网通4G(4GB+32GB)标配 ,¥1649.00
三星(SAMSUNG) Galaxy C7 (SM-C7000) 4G手机 双卡双待 蔷薇粉 全网通4G (4G RAM+64G ROM) 标配 ,¥2158.00
三星S7 edge（G9350） 手机 铂光金 全网通4G (4G RAM+64G ROM) ,¥5188.00
三星 Galaxy C5（SM-C5000）全网通4G 智能手机 (4GB+64GB) 枫叶金 ,¥2199.00
三星 Galaxy C7（SM-C7000） 移动联通电信4G手机 双卡双待 烟雨灰 4GRAM+64GROM 标配 ,¥2169.00
【6期白条免息】三星 Galaxy C9 Pro(C9000) 4G手机 双卡双待 墨玉黑 全网通(6G+64G) ,¥2899.00
三星Galaxy On7（G6100）全网通4G 智能手机 双卡双待 (3GB+32GB) 流沙金 ,¥1699.00
三星 Galaxy S7 edge（G9350） 手机 星钻黑 全网通4G(4G RAM + 32G ROM)标配 ,¥4888.00
三星(SAMSUNG) GALAXY J3 Pro(J3110) 移动联通4G双卡手机 银色 移动联通(2G+16G) ,¥749.00
三星Galaxy S7 (G9300) 4G手机 双卡双待 铂光金 标配(4G+32G) ,¥3478.00
三星 Galaxy C7 (SM-C7000)手机 蔷薇粉 全网通 (4G RAM+32G ROM) 标配 ,¥1966.00
三星(SAMSUNG) W2017 翻盖4G手机 双卡双待 金色 ,¥13466.00
三星 Galaxy Note5 N9200 双卡双待 移动电信联通三网4G手机 金色 64g ,¥3688.00
三星 Galaxy On5(G5510) 青春版 全网通4G 双卡双待 智能手机 嫣霞粉 (2G RAM+16G ROM) 标配 ,¥794.00
三星Galaxy S7 edge G9350双曲面屏 4G智能手机 亚太版 单卡 白色 4GB+32GB ,¥3488.00
SAMSUNG/三星SCH-B309I电信老人手机CDMA天翼学生直板老人机 B309I黑色电信 ,¥259.00
三星 Galaxy C9 Pro（C9000） 墨玉黑 全网通4G (6 G+64 G) 标配 ,¥2799.00
三星（SAMSUNG）移动联通2G手机 E1080C 移动联通2G ,¥188.00
三星 Galaxy Folder（SM-G1600）双卡4G 翻盖手机 金色 全网通 ,¥1451.00
三星 2016版 Galaxy On7 (G6100)双卡双待4G手机 嫣霞粉 全网通4G(3G RAM+32G ROM)标配 ,¥1499.00
三星 Galaxy C7 Pro（C7010）双卡双待手机 枫叶金 全网通 (4GB RAM+64GB ROM)标配 ,¥2188.00
三星 Galaxy S6 Edge+（G9280）4G手机 铂光金 全网通 (4G+32G) ,¥3628.00
三星 2016版 Galaxy On5(G5700) 双卡双待 钛岩黑 全网通G5700(3G RAM+32G ROM) ,¥1136.00
三星 GALAXY J3 Pro (J3110) 移动联通双4G 智能手机 双卡双待 流沙金(2+16G) ,¥897.00
三星 时尚版 Galaxy On5 (G5520) 手机 流沙金 全网通(2GRAM+16GROM)标配 ,¥858.00
三星 Galaxy On5（G5510）手机 双卡双待 流沙金 全网通(2+16G) ,¥778.00
三星(SAMSUNG) E1200R升级版B105 直板按键学生老人机备用待机长小手机 ,¥298.00
三星（Samsung）Galaxy Folder SM-G1600 翻盖手机 金色 2GB+16GB 全网通 标配 ,¥1388.00
三星 2016版 Galaxy On5 （G5700） 流沙金 全网通(3G RAM+32G ROM) ,¥1136.00
三星 ON5 时尚版 (G5520) 全网通4G 手机 金色时尚版 ,¥838.00
全球购 三星 (SAMSUNG) 智能手机 Galaxy S6 edge G9250 绿 单卡 32GB 港版双通 ,¥2899.00
三星 Galaxy S6 Edge+（G9280） 移动联通电信 全网通4G 铂光金 标配版(4GB RAM+32GB ROM)标准 ,¥3688.00
买手机拍拍下立发货 USB 小灯 多色 彩色 ,¥19.90
三星 2016版 Galaxy On7(G6100) 流沙金 全网通(3+32G) ,¥1455.00
三星J3 Pro (J3119) 电信4G 智能手机 双卡双待 流沙金 2G+16G ,¥877.00
三星 青春版 Galaxy On5 (G5510) 手机 嫣霞粉 全网通(2GRAM+16GROM)标配 ,¥788.00
买手机拍下立发货 迷你自拍杆 彩色 多色 ,¥38.00
全球购 三星(SAMSUNG) E1200R直板按键学生老人机备用待机长小手机 ,¥288.00
买手机拍下立发货 VR JNS头戴立体式3D眼镜 ,¥38.00
全球购 Samsung 三星W2015尊享手机 w2015 奢华典范 香港直邮 尊贵金 ,¥4888.00
全球购 海外版 三星 Galaxy S6 G9200 移动联通4G手机 双卡 星钻黑 ,¥2388.00
三星 Galaxy ON5 时尚版 (G5520) 全网通4G 智能手机 粉色 (2GRA 嫣霞粉 ,¥980.00
三星 2016版 Galaxy On7（G6100） 手机 流沙金 全网通 （3G RAM+32G ROM)标配 ,¥1669.00
手握 三星W2016 心系天下 电信4G手机 双卡双待单通 曲面玻璃 秉承 传承 创新 高 尊贵 银 64G ,¥10800.00
三星 Galaxy Folder (SM-G1600) 翻盖手机 金色 全网通(2GRAM+16GROM)标配 ,¥1451.00
三星 Galaxy C7（SM-C7000） 移动联通电信4G手机 双卡双待 枫叶金 全网通(4G RAM+ 32G ROM)标配 ,¥2409.00
三星(SAMSUNG) Galaxy C7 (SM-C7000) 4G手机 双卡双待 枫叶金 4GB+64GB全网通 标配 ,¥2987.00
【eBay精选】三星 Galaxy C9 Pro 6GB+64GB全网通4G手机 双卡双待 金色 64G ,¥2899.00
【大屏预售】三星 SAMSUNG S8+ plus 手机设计随机版本发货超高屏占比智能手机 枫叶金 ,¥8999.00
三星 Galaxy S7 G930 八核双卡双待 5.1英寸 4G智能安卓防水手机 银色 32G ,¥3989.00
三星（SAMSUNG）Galaxy S7 Edge 5.5寸 全网4G 黑色 港版型号G9350 (32GB) ,¥4588.00
全球购 三星（SAMSUNG）W789 电信3G手机 翻盖手机 双卡双待 奢华金 ,¥1388.00
全球购 Samsung/三星 SM-G9098移动版双卡双屏 四核双屏（深灰色） ,¥3999.00
三星(SAMSUNG) Galaxy S7 （G9300） 4G手机 双卡双待 铂光金 全网通(4GRAM+32GROM)标配 ,¥3499.00
三星(SAMSUNG)旗舰产品 W2017 翻盖4G手机 双卡双待 金色 4GB+64GB电信版 标配 ,¥14900.00
全球购三星(SAMSUNG) Galaxy A9 (SM-A9000) 4G手机 双卡双待 女王粉 ,¥2599.00
三星（SAMSUNG）Galaxy C5Pro（C5010） 枫叶金 4GB+64GB ,¥2308.00
三星 W899 (金) 翻盖手机 双卡双待 电信3G 全新正品行货 三星w899 ,¥1399.00
三星Galaxy C5 Pro（C5010)手机 蔷薇粉 移动联通电信4G(4GB+64GB) ,¥2499.00
三星（SAMSUNG）Galaxy C5 Pro（C5010）全网通4G手机 双卡双待 粉红色 ,¥2828.00
全球购 SAMSUNG 三星 Galaxy S6 移动 联通 智能手机 G9200台版 白色 32G台版 ,¥3788.00
三星 Galaxy Note5(N9200) 4G手机 双卡双待 雪晶白 ,¥3688.00
SAMSUNG 三星 Galaxy S7 edge G9350 5.5英寸 港版 银色 ,¥3999.00
SAMSUNG 三星 Galaxy S6 移动 联通 智能手机 G9200台版 白色 32G台版 ,¥3788.00
SAMSUNG 三星 G6100 Galaxy J7 Prime 双4G 智能手机 32G 金色 ,¥1788.00
SAMSUNG 三星 Galaxy S7 edge G9350 港版5.5英寸双曲面屏幕 珊瑚蓝 32G ,¥4088.00
三星(SAMSUNG) Galaxy C9 Pro (C9000) 4G手机 双卡双待 蔷薇粉 6GB+64GB全网通 标配 ,¥2698.00
三星 Galaxy A7 (SM-A7009) 黑 电信4G手机 双卡双待 5.5英寸 雪域白 ,¥1298.00
全球购 三星 G9198 大器4 双卡双待 移动 联通4G 商务手机 蓝色 香港直邮 ,¥6366.00
全球购 三星 Galaxy C5（SM-C5000）移动联通电信4G 枫叶金 全网通4GB+64GB标配 ,¥2088.00
三星 Galaxy On5（G5500） 移动联通4G手机 金色 ,¥1288.00
三星 Galaxy C7 Pro（C7010）手机 枫叶金 全网通4G (4+64G) ,¥2266.00
三星 2016版 Galaxy On7（G6100）3GB+32G 金色 ,¥1999.00
三星 Galaxy C5（SM-C5000）手机 4G大内存 灰色 全网通32G ,¥2188.00
【河北移动购机送流量】三星 GalaxyS7 edge（G9350）32G版 铂光金移动联通电信4G手机 双卡双待 骁龙820手机*,¥4888.00
三星 GALAXYJ 3Pro手机 电信4G (J3119) 金色 电信4G ,¥868.00
三星 Galaxy C7（SM-C7000）移动电信联通 枫叶金 全网通4G (4+64G) ,¥2189.00
三星Galaxy Note5(N9200) 4G手机 铂光金 全网通(4+32G) ,¥3439.00
全球购 三星 Galaxy C5（SM-C5000）5.2英寸双卡全网通4G智能手机 枫叶金 4G+32GB ,¥2099.00
三星 Galaxy C9 Pro (C9000) 手机 蔷薇粉 全网通4G(6G RAM+64G ROM)标配 ,¥3199.00
三星 W789 电信3G手机 双卡双待双通 奢华金 标配版 ,¥838.00
三星(SAMSUNG) W2017 翻盖手机 电信4G手机 双卡双待 金色 电信版(4GB RAM+64GB ROM) ,¥13999.00
全球购 三星(SAMSUNG) E1200R直板按键学生老人机备用待机长小手机 ,¥328.00
三星 W2015 金色 电信4G手机 双卡双待双通 全新原装+正品 尊贵金 ,¥6669.00
三星(SAMSUNG) W2016 双卡双待 电信4G手机 尊崇银 3G RAM+64G ROM ,¥9777.00
全新正品行货/三星 SM-W2015 翻盖 电信4G手机 双模双待 金色 ,¥6788.00
三星手机SM-W2017 三星年度高端旗舰手机，彰显尊贵 黑色 ,¥21999.00
三星（Samsung）Galaxy Folder SM-G1600 翻盖手机 金色 2GB+16GB 全网通 标配 ,¥1669.00
SAMSUNG 三星 GALAXY C9 PRO (C9000) 64GB智能手机4G手机 粉红色 ,¥3088.00
三星 Galaxy C7 Pro（C7010）4GB+64GB 全网通4G手机 双 枫叶金 ,¥2788.00
三星 W899 (金) 翻盖手机 双卡双待 电信3G 全新正品 金色 ,¥1360.00
三星GALAXY Note 5 N9200三网港版 双卡 N9208双网台版 双卡 白色 32G台版 ,¥3788.00
SAMSUNG 三星 GALAXY C9 PRO (C9000) 64GB智能手机4G手机 黑色 ,¥3099.00
三星 Galaxy A5 (SM-A5108) 金色 4G 移动定制版手机 黑色 ,¥1999.00
三星(SAMSUNG)旗舰产品 W2017 翻盖4G手机 双卡双待 金色 4GB+64GB电信版 标配 ,¥14800.00
三星 Galaxy C7 Pro（C7010）4G手机 双卡双待 沧海蓝 4GB+64G全网通4G 高配 ,¥2529.00
SAMSUNG　三星A9 Pro LTE 大陆版 32GB (A9100)手机　电信联通 金色 ,¥2580.00
三星 Galaxy On5 青春版（G5510）手机 流沙金 全网通 (2GB RAM+16GB ROM) 标配 ,¥999.00
三星（SAMSUNG）Galaxy C7（SM-C7000）移动联通电信4G手机 皎洁银 官方标配 64GB ,¥2149.00
三星 Galaxy Note5（N9200） 铂光金 ,¥3888.00
三星 Galaxy C5（SM-C5000）手机 烟雨灰 全网通(4GB RAM+32GB ROM)标配 ,¥1899.00
三星 Galaxy On5 （G5520） 2GB+16G 时尚版 全网通4G手机 金色 ,¥818.00
三星(SAMSUNG) 2016版 Galaxy On7(G6100) 4G手机 双卡双待 流沙金 全网通(3G RAM+32G ROM)标配 ,¥1439.00
三星 Galaxy Folder SM-G1600 翻盖手机 双卡双待 金色 全网通(2GRAM+16GROM)标配 ,¥1499.00
三星(SAMSUNG) Galaxy C5（SM-C5000）智能4G手机 双卡双待 皎洁银 全网通4G(4G RAM+64G ROM) 标配 ,¥2199.00
SAMSUNG三星 Galaxy J7 黑色 3G 雙卡 簡輸(J700H)联通版 ,¥1899.00
三星 2016版 Galaxy On7(G6100) 手机 全网通 流沙金 ,¥1650.00
三星 Galaxy A8（A8000）16G版 金色 16GB ,¥1999.00
三星 Galaxy On7（G6000） 白色 8GB ,¥1288.00
三星 Galaxy C9 Pro（C9000）6GB+64GB全网通 4G手机 蔷薇粉 ,¥2958.00
三星 Galaxy S7（G9308）4GB+32G版 移动定制版手机 白色 ,¥3688.00
三星 Galaxy C7 Pro（C7010）4G手机 双卡双待 蔷薇粉 4GB+64G全网通4G 高配 ,¥2700.00
三星 2016版 Galaxy On5 （G5700） 4G手机 双卡双待 流沙金 全网通4G(3G RAM+32G ROM)标配 ,¥1136.00
三星 Galaxy C5 Pro（C5010）手机 蔷薇粉 全网通（4GB RAM+64GB ROM）标配 ,¥2499.00
三星 Galaxy C7 Pro（C7010）手机 枫叶金 全网通（4GB RAM+64GB ROM）标配 ,¥2899.00
三星（SAMSUNG）Galaxy C5 Pro（C5010） 碧湖蓝 移动联通电信4G(4G RAM+64G ROM) ,¥2499.00
三星 Galaxy Folder (SM-G1600) 翻盖手机 金色 全网通(2GB RAM+16GB ROM)标配 ,¥2099.00
三星手机 SAMSUNG Galaxy S7 edge G9350 双曲屏 全网4G 32G金 ,¥4199.00
三星(SAMSUNG) Galaxy C7（SM-C7000）智能4G手机 双卡双待 烟雨灰 全网通(4GRAM+64GROM)标配 ,¥2599.00
三星(SAMSUNG) Galaxy S6 Edge+（G9280）智能4G手机 双卡双待 铂光金 全网通 (4G RAM+32G ROM) 标配 ,¥3696.00
三星 Galaxy S7 edge（G9350）手机 金色 4GB+64GB 全网通 标配 ,¥4588.00
三星Galaxy J5108 移动定制版 (2G RAM+16GROM) 5.2英寸屏金属 白色 ,¥1588.00
三星Galaxy Folder SM-G1600 翻盖手机 金色 2GB+16GB 全网通 金色 ,¥1999.00
三星 2016版 Galaxy On5(G5510) 手机 嫣霞粉 全网通(2G RAM+16G ROM) ,¥829.00
全新亚太版 三星Galaxy S7 edge 曲屏 G935FD 移动联通双4G 智能手机 粉色 4GB+64GB 标配 ,¥3788.00
三星 Galaxy J3 Pro（J3110） 移动联通双4G手机 流沙金 ,¥755.00
三星(SAMSUNG)旗舰产品 W2017 翻盖4G手机 双卡双待 金色 4GB+64GB电信版 标配 ,¥13988.00
三星 Galaxy Note5（N9200）4GB+32GB 铂光金 通4G手机 双卡双待 雪晶白 全网通4G ,¥3799.00
三星 (SAMSUNG) W999 电信3G手机 黑色 ,¥1988.00
三星 2016版 Galaxy On7（G6100） 4G手机 双卡双待 流沙金 全网通4G(3GRAM+32GRAM) ,¥1499.00
三星 Galaxy A9 双卡双待 4G手机 精灵黑 全网通4G(SM-A9100) ,¥2458.00
三星 Galaxy C5（SM-C5000）双卡双待手机 枫叶金 全网通4G(4GB RAM+64GB ROM)套装 ,¥2049.00
三星 2016版 Galaxy On5 （G5700）手机 钛岩黑 全网通(3G RAM+32G ROM) ,¥1155.00
全球购 香港 三星Galaxy Note5 N9200 香港地区 港版 白色 32GB ,¥4588.00
全球购 三星（SAMSUNG）W2013 电信3g手机 双模双待 翻盖 港行 尊贵银 ,¥4666.00
全球购 三星Galaxy S7 Edge 曲屏 G9350 32G 智能手机 全网通 港版 海蓝 ,¥3980.00
三星（SAMSUNG）Galaxy C9 Pro（C9000）全网通4G手机 双卡双待 黑色 ,¥3658.00
三星 SAMSUNG S8+ Plus 6.2英寸 双曲屏 安卓智能手机 64G 新品预订 幻紫灰 ,¥9999.00
三星（SAMSUNG）Galaxy Note5 (N9200) 4G双卡双待 智能手机 铂光金 4+32GB ,¥3888.00
Samsung 三星 Galaxy C5 (C5000) 5.2英寸双卡 智能手机 蔷薇粉64GB ,¥2398.00
三星 Galaxy Folder SM-G1600 翻盖手机 双卡双待 金色 全网通(2GRAM+16GROM)标配 ,¥1699.00
全球购 SAMSUNG三星 W2016 双卡双待 电信4G手机 w2016尊贵金香港直邮 尊贵银 ,¥9288.00
全球购 Samsung 三星 SM-J3110 J3 pro 移动 联通 双4G 金色 ,¥988.00
三星 2016版 Galaxy On7（G6100）3GB+32G 粉色 ,¥1999.00
三星 GALAXYJ 3Pro手机 电信4G (J3119) 灰色 ,¥788.00
三星（SAMSUNG）Galaxy C5 Pro（C5010）移动联通电信4G 双卡手机 枫叶金 全网通(4G+64G) ,¥2499.00
三星（SAMSUNG）Galaxy C5 Pro（C5010）移动联通电信4G手机 碧湖蓝 全网通 (4G RAM+64G ROM) 标配 ,¥2499.00
三星 Galaxy C9 Pro（C9000）手机 枫叶金 全网通（6GB RAM+64GB ROM）标配 ,¥3199.00
三星（Samsung）Galaxy Folder SM-G1600 翻盖手机 金色 2GB+16GB 全网通 标配 ,¥2170.00
三星 Galaxy S7 edge（G9350）手机 金色 4GB+32GB 全网通 标配 ,¥4750.00
三星 Galaxy S7 edge（G9350） 双卡双待 智能4G手机 雪晶白 全网通4G(4GRAM+32GROM)标配 ,¥4888.00
三星 Galaxy C9 Pro（C9000）4G智能手机 墨玉黑 全网通4G(6G RAM+64G ROM) ,¥3199.00
三星 Galaxy ON5 时尚版(G5520) 全网通4G手机 时尚版流沙金 全网通(2GRAM+16GROM) ,¥839.00
三星 Galaxy Folder (SM-G1600) 翻盖手机 金色 全网通(2GB RAM+16GB ROM)标配 ,¥1451.00
三星 Galaxy (SM-G1600） 金色 全网通(2GRAM+16GROM)标配 ,¥1451.00
三星(SAMSUNG) Galaxy C5 (C5000) 5.2英寸双卡 智能手机 港版 金色 64GB ,¥2538.00
【eBay精选】三星 Galaxy Note 5 N9200 S6963 金色智能手机 ,¥5596.00
三星Galaxy Folder SM-G1600 翻盖手机 金色 2GB+16GB 全网通 金色 ,¥1999.00
三星（SAMSUNG）Galaxy C5Pro（C5010） 枫叶金 4GB+64GB ,¥3249.00
三星 Galaxy C7（SM-C7000）手机 枫叶金 全网通（4GB RAM+64GB ROM）标配 ,¥2399.00
三星 G9198 移动联通4G手机 双卡双待 寰宇蓝 标配版 移动联通双4G ,¥7888.00
【北京移动购机赠费】三星 Galaxy S7 edge（G9350）32G版 铂光金 移动联通电信4G手机 双卡双待*,¥4288.00
三星 Galaxy S6 G9200 港版 双卡 移动4G手机 雪晶白 32G ,暂无报价
全球购 三星 Galaxy Note5（N9200) 双卡双待 4G智能手机 铂光金 64GB ,¥3488.00
三星Galaxy S6 Edge G9250 单卡 港版 金色 32GB ,¥4488.00
全球购 SAMSUNG 三星 Galaxy S6 移动 联通 智能手机 G9200台版 白色 32G台版 ,¥3788.00
三星 Galaxy C9 Pro（C9000） 全网通4G手机 双卡双待 64G枫叶金 ,¥3099.00
三星（SAMSUNG）G1600 移动联通电信4G手机 翻盖手机 金色 官方标配 16G ,¥1451.00
三星 SAMSUNG W2016 4G商务手机 尊贵金 电信4G(3GRAM+64GROM) ,¥10588.00
三星(SAMSUNG) 大器3 SM-G9092 联通手机 双卡双待 名仕蓝 联通 (2G RAM+32G ROM) 标配 ,¥2988.00
Samsung 三星 SM- W2016 电信4G 翻盖商务手机 尊贵金 3GB+64GB电信版 标配 ,¥15454.00
三星(SAMSUNG) Galaxy J5108 移动联通4G智能手机 双卡双待 (2G+16G) 流沙金 ,¥1599.00
三星（SAMSUNG）Galaxy C5（SM-C5000）移动联通电信4G手机 烟雨灰 高配版(4G+64G) ,¥1859.00
三星 Galaxy C9 pro（C9000）手机 枫叶金 全网通(6G+64G) ,¥3199.00
三星(SAMSUNG) J7 Prime（G6100）4G手机 智能手机 双卡双待 港版 粉色 ,¥2208.00
Samsung 三星Galaxy C7 (C7000) 64GB 5.7英寸 八核智能手机 木炭灰 ,¥2378.00
三星（SAMSUNG）W789 金色 奢华金 电信3G手机 翻盖手机 双卡双待 奢华金 ,¥1588.00
三星（SAMSUNG）GALAXY S8 标配版 珊瑚蓝 ,¥7699.00
三星GALAXY Note 5 N9200三网港版 双卡 N9208双网台版 双卡 粉色 64G港版 ,¥4388.00
三星 Galaxy On5（G5510）G5520 2GB+16GB 热售 粉色 G5700 3+32G ,¥1588.00
全球购 三星 Galaxy C7（SM-C7000） 移动联通电信4G 蔷薇粉 (4GB RAM+32GB ROM)标准版 ,¥2299.00
三星 时尚版 Galaxy On5 （G5520）4G手机 流沙金 全网通(2+16G) ,¥868.00
SAMSUNG 三星 Galaxy S7 edge G935FD移动联通 购 海外版 金色 32G ,¥4288.00
Samsung/三星E329电信版老人机天翼CDMA电信手机直板大屏老年手机 黑色三星e329 官方标配 ,¥399.00
全球购 三星(SAMSUNG) W2017 翻盖4G手机 电信4G(4GB +64GB ) 尊贵金 ,¥13399.00
三星（Samsung）Galaxy Folder SM-G1600 翻盖手机 金色 2GB+16GB 全网通 标配 ,¥1572.00
全球购 三星(SAMSUNG) W2014 双卡双模 四核智能机 电信3G/GSM 尊崇银 ,¥4666.00
三星GALAXY J3（J3109）电信4G手机 双卡联通移动2G 白色 ,¥1088.00
三星 Galaxy C9 Pro(C9000) 4G手机 枫叶金 （6G+64G）全网通 ,¥3199.00
三星 Galaxy S7 edge（G9350）移动联通电信4G 双卡双待手机 钛泽银 全网通(4G RAM+32G ROM)标准版 ,¥4888.00
三星 Galaxy Note5（N9200） 雪晶白 全网通(4G RAM+32G ROM) ,¥3199.00
三星（SAMSUNG）Galaxy C7 Pro（C7010） 苍海蓝 全网通4G（4G RAM+64G ROM）标配 ,¥2899.00
三星（SAMSUNG）Galaxy C5Pro（C5010） 碧湖蓝 4GB+64GB ,¥2198.00
全球购 三星Samsung 电信4G 翻盖商务手机 SM- W2016 64G 现代银色 ,暂无报价
三星 Galaxy A7 (SM-A7009) 黑 电信4G手机 双卡双待 5.5英寸 精灵黑 ,¥1298.00
全球购 三星 Galaxy A8（A8000) 移动联通电信三网通4G智能手机 雪域白 16G ,暂无报价
全球购三星（SAMSUNG）大器III（SM-G9092） 联通手机（名仕蓝）双卡双待双通 ,¥2966.00
三星 Galaxy S6 G9200 直屏版 移动联通双4G智能手机 双卡双待 32G 金色 ,¥2799.00
SAMSUNG 三星 Galaxy S6 移动 联通 智能手机 G9200台版 白色 32G台版 ,¥3788.00
全球购 三星 Galaxy C5（SM-C5000）移动联通电信4G 皎洁银 全网通4GB+64GB标配 ,¥2088.00
三星（SAMSUNG) Galaxy c7 智能手机 4G双卡双待 皎洁银 官方标配(全网通4G+32G) ,¥2149.00
三星 2016版 Galaxy On5 （G5700） 流沙金 全网通(3+32G) ,¥1098.00
全球购 三星 Galaxy J7（J7109）电信4G 5.5英寸大屏 手机 金色 ,¥1399.00
三星 Galaxy C5（SM-C5000）4GB 移动联通电信4G手机 皎洁银 32GB ,¥1899.00
三星 Galaxy Note5（N9200） 铂光金 全网通(4GB RAM+32G ROM) ,¥3499.00
SAMSUNG 三星 Galaxy S8 5.8寸曲面屏 面部识别虹膜 智能手机 预售 枫叶金 64G 国际版 ,¥6699.00
三星（SAMSUNG）大器III尊贵版（SM-G9092） 联通3G手机（名仕蓝）双卡双待 ,¥5000.00
三星(SAMSUNG) Galaxy C7 (SM-C7000) 4G手机 双卡双待 皎洁银 4GB+32GB全网通 标配 ,¥2275.00
三星(SAMSUNG) Galaxy S7 edge (G9350) 全网通4G 双卡手机 黑色 全网通(4G RAM+64G ROM) ,¥5188.00
三星 Galaxy S6+ S6edge （G9287） 双曲面 双卡双4G 智能手机 金色 32GB ,¥4566.00
Samsung/三星 GT-E1200R老人机手机 手机老人机移动 手机联通直板 ,¥299.00
三星(SAMSUNG) W2016双卡双待 4G手机 尊崇银 电信4G(3GB RAN+64GB ROM)标配版 ,¥9999.00
全球购 SAMSUNG三星 W2016 双卡双待 电信4G手机 标配版 金属玻璃 双重尊贵 尊贵金 ,¥10288.00
三星 Galaxy Note5 N9200 双卡双待 移动电信联通三网4G手机 雪白 32G ,¥3499.00
【12期白条免息】Samsung/三星 Galaxy C9 Pro SM-C9000手机 枫叶金 移动4G/联通4G/电信4G( 6G+64G) ,¥3199.00
三星（SAMSUNG）Galaxy S7 edge 全网通双卡 双曲面屏5.5英寸智能手机 蓝色32G ,¥4398.00
三星 Galaxy S6 Edge+ G9287 双卡 移动联通4G 香港 港版 银色 ,¥3999.00
三星（SAMSUNG）Galaxy S7 5.1寸 移动联通双4G 白色 港版型号G930F (32GB) ,¥4148.00
三星 SAMSUNG W2015 翻盖智能4G手机 双卡双待双通 心系天下系列 金色 ,¥6099.00
三星 Galaxy S6（G9209）32G 星钻黑 双卡双待 电信4G手机 金色 ,¥2488.00
三星(SAMSUNG) J7 Prime（G6100）4G手机 智能手机 双卡双待 港版 金色 ,¥2208.00
SAMSUNG　三星 Galaxy J1 2016 双卡 简输手机 联通移动 黑色 3G ,¥1060.00
三星Galaxy C7 Pro（C7010）手机 粉色 全网通4G (4G RAM+64G ROM) 标配 ,¥2899.00
全球购 三星Samsung W2015 3.9英寸电信4G尊享手机 金色 16GB 享受30/180服务 请安心购买 ,¥8898.00
三星C7 Pro（C7010）手机 苍海蓝 全网通(4G RAM+64G ROM)标配 ,¥2899.00
SAMSUNG 三星 Galaxy S7 edge G9350 5.5英寸 双曲面屏幕 黑色 ,¥4488.00
三星 Galaxy J7108 16GB版 移动定制版4G 手机 金色 ,¥1588.00
三星手机 W2015/W2015+ 手机 尊崇银 W2015+(2GRAM+16GROM)电信4G ,¥7299.00
全球购 三星 Galaxy S6 G9200 直屏版 移动联通双4G智能手机 双卡双待 金色 32GB 标配 ,¥2699.00
SAMSUNG三星 GALAXY J5 PRIME (G5700)4G智能手机 联通移动 粉红色 ,¥1828.00
三星(SAMSUNG) Galaxy C5 (SM-C5000) 4G手机 双卡双待 蔷薇粉 4GB+32GB全网通 标配 ,¥1835.00
三星 2016版 Galaxy On5 （G5700） 流沙金 全网通4G (3G RAM+32G ROM) 标配 ,¥1083.00
三星W2016 手机 尊贵金 电信4G(3GB RAN+64GB ROM)标配 ,¥8787.00
三星(SAMSUNG) Galaxy C7 Pro(C7010) 4G手机 双卡双待 蔷薇粉 全网通(4G RAM+64G ROM)标配 ,¥2899.00
三星Galaxy C5 (C5000) 手机 双卡双待 移动联通电信4G全网通智能手机 枫叶金 4G+32G 全网通 官方标配 ,¥1888.00
三星 Galaxy J3 Pro（J3119）智能4G手机 双卡双待 金色 电信版(2+16G) ,¥719.00
三星 Galaxy J3 Pro（J3110）银色 移动联通双4G手机 全新原装+正品 银色 ,¥799.00
三星 2016版 Galaxy On5 （G5700）双卡双待4G手机 钛岩黑 全网通(3G RAM+32G ROM) ,¥1259.00
全球购 三星 Galaxy A5系列 5.2英寸双卡4G智能手机 粉色 A5100 2GB+16GB 全网通 ,¥1899.00
全球购 三星 Galaxy C5（SM-C5000） 全网通4G手机 双卡双待 烟雨灰 4GB+64GB ,¥1999.00
三星（SAMSUNG) Galaxy c5 智能手机 双卡双待4G手机 蔷薇粉 官方标配(全网通4G+64G) ,¥1999.00
三星 G9198 移动联通双4G 手机 深蓝色 ,¥7398.00
三星 Galaxy On5 青春版(G5510) 全网通4G 双卡双待手机 嫣霞粉 全网通(2GRAM+16GROM) ,¥815.00
【eBay精选】三星Galaxy S7 Edge G935FD 32G智能手机 银色 ,¥4021.00
全球购 SAMSUNG 三星 Galaxy S7 edge 5.5寸 双卡智能手机正品港行 黑色 ,¥3688.00
三星(SAMSUNG) Galaxy C5 (SM-C5000) 4G手机 双卡双待 皎洁银 4GB+32GB全网通 标配 ,¥2324.00
【eBay精选】三星 Galaxy C5000 全网通 4G 双卡双待 智能手机 金色 32G ,¥1899.00
三星 Galaxy C7（SM-C7000） 移动联通电信4G手机 双卡双待 枫叶金 全网通(4GB RAM+32GB ROM)标配 ,¥2399.00
三星 Galaxy Note5（N9200）4GB+32GB 雪晶白 全网通4G手机 ,¥3468.00
三星 Galaxy A9 (SM-A9100)4G手机 精灵黑 全网通4G(4+32G) ,¥2278.00
三星（SAMSUNG) SM-J3110 智能手机 4G双卡双待 流沙金 移动4G/联通4G(2G+16G)标配 ,¥820.00
三星（SAMSUNG）Galaxy C7 Pro（C7010）全网通4G手机 沧海蓝 （4G RAM+64G ROM）标配 ,¥2899.00
三星(SAMSUNG) Galaxy C7 (SM-C7000) 4G手机 双卡双待 蔷薇粉 4GB+64GB全网通 标配 ,¥2198.00
全球购 三星(SAMSUNG) W2017 翻盖手机 电信4G版(4G+64G)标配 黑色 ,¥18699.00
全球购 三星（SAMSUNG） Galaxy On5系列 5英寸双卡4G智能手机 G5700 粉 3GB+32G 享受30/180服务 让心安心购买 ,¥1399.00
三星(SAMSUNG) Galaxy ON5 时尚版 (G5520) 4G手机 双卡双待 金色 全网通(2G RAM+16G ROM)标配 ,¥899.00
三星 Galaxy ON5 时尚版 (G5520) 流沙金 4G智能手机 双卡双待 流沙金 全网通4G(2GRAM+16GROM)标配 ,¥866.00
【eBay精选】三星 Galaxy S6 edge 32G版 铂光金 全网通4G 智能手机 ,¥3899.00
三星 G9198 移动联通4G手机 双卡双待 寰宇蓝 移动联通双4G ,¥7888.00
Samsung 三星 Keystone3 B105 非智能手机 仿皮革触感设计 ,¥369.00
三星 Galaxy On7（G6000） 白色 8GB ,¥1288.00
全球购 三星 Galaxy C7（SM-C7000） 皎洁白 32GB 全网通 官方标配 ,¥2318.00
三星 Galaxy ON5 时尚版 (G5520) 全网通4G 智能手机 双卡双待 流沙金 全网通(2G RAM +16G ROM)标配 ,¥875.00
三星(SAMSUNG) J3 Pro (J3110) 移动联通4G手机 双卡双待 金色 移动联通(2G RAM+16G ROM) 标配 ,¥769.00
三星 (SAMSUNG) Galaxy C9 Pro(C9000) 4G手机 双卡双待 蔷薇粉 全网通4G(6G RAM+64G ROM)标配 ,¥3199.00
三星 Galaxy C5（SM-C5000）手机 银色 全网通4G(4G RAM+64G ROM) 套餐 ,¥1999.00
全球购 三星 Galaxy J7（J7109）电信4G 5.5英寸大屏 手机 金色 享受30/180服务 请安心购买 ,¥1299.00
全球购 SAMSUNG 三星 Galaxy S7 edge 5.5英寸 智能手机 港版 银色 32G 港版 ,¥4399.00
三星 Galaxy Folder(SM-G1600) 4G 翻盖手机 双卡双待 金色 全网通(2G RAM+16G ROM)标配 ,¥1451.00
全球购 Samsung 三星 SM-J3110 J3 pro 移动 联通 双4G 公开版 J3110 金色 16G ,¥999.00
三星 ON5 时尚版 (G5520) 全网通4G 手机 流沙金 全网通(2G RAM +16G ROM) ,¥838.00
三星 Galaxy C5 Pro（C5010）移动联通电信4G手机 双卡双待 蔷薇粉 全网通版(4G RAM+64G ROM) ,¥2499.00
三星(SAMSUNG) Galaxy A9 (SM-A9000) 4G手机 双卡双待 魔幻金 3GB+32GB全网通 标配 ,¥2857.00
三星（SAMSUNG ）W2017 4G商务手机 尊贵金 电信4G版 4G+64G ,¥17488.00
现货Samsung/三星 GALAXY S8/S8+ 移动联通4G手机 S8亚太版 珊瑚蓝5.8英寸64GB ,¥6388.00
三星 Galaxy C5 Pro（C5010） 手机 蔷薇粉 全网通(4G RAM+64G ROM)标配版 ,¥2499.00
三星 Galaxy C7 Pro（C7010）4G智能手机 枫叶金 全网通4G（4G RAM+64G ROM) ,¥2899.00
三星C7 Pro 手机 枫叶金 全网通（4G+64G） ,¥2899.00
三星 2016版 Galaxy On7（G6100） 4G手机 双卡双待 嫣霞粉 全网通(3G RAM+32G ROM) ,¥1528.00
SAMSUNG 三星 Galaxy S7 edge G9350 港版5.5英寸双曲面屏幕 珊瑚蓝 32G ,¥4088.00
三星 Galaxy S7 edge（G9350）手机 珊瑚蓝 全网通(4GB RAM+64GB ROM)标配 ,¥4568.00
山东移动购机赠费 三星 Galaxy C5（SM-C5000）64G版 枫叶金 移动联通电信4G手机 双卡双待*,¥2099.00
三星 Galaxy S7 edge (G9350) 手机 星钻黑 全网通（4GB RAM+128GB ROM）标配 ,¥5988.00
三星 GALAXYJ 3Pro手机 电信4G (J3119) 金色 ,¥899.00
SAMSUNG/三星 Galaxy Note5 4G手机 SM-N920i 四色包邮 铂光金 64GB ,暂无报价
三星 Galaxy C5（SM-C5000）双卡双待手机 枫叶金 全网通版(4G RAM+64G ROM) ,¥2199.00
三星 Galaxy ON5 （G5520/G5510）时尚版 全网通4G 智能手机 流沙金 全网通 G5700（3+32G）八核骁龙617 ,¥1298.00
全球购 三星 SM-W2017 心系天下 4G双卡 双屏翻盖 智能手机 尊贵金 64G ,¥18888.00
三星 C5 Pro（C5010） 碧湖蓝 移动联通电信4G（4+64G） 双卡双待 ,¥2199.00
三星 Galaxy A5 (SM-A5108) 金色 4G 移动定制版手机 金色 ,¥1999.00
三星 Galaxy On5（G5510）G5520 2GB+16GB 热售 金色 G5520 ,¥1299.00
三星Galaxy C7 Pro（C7010）手机 蔷薇粉 全网通4G (4G RAM+64G ROM) 标配 ,¥2899.00
三星(SAMSUNG) GALAXY J3 Pro (J3119) 4G手机 金色 电信版(2G RAM+16G ROM) ,¥800.00
三星Galaxy C9 Pro 手机 黑色 全网通(6GRAM+64G ROM) ,¥3199.00
SAMSUNG　三星 Galaxy J5 (J500F) 4G 双卡原装 8GB 金色 雙卡 大陸版 (J5108 ) ,¥1288.00
SAMSUNG 三星 Galaxy S7（G930 FD）直屏 移动联通双4G 粉红色 ,¥3599.00
Samsung 三星 Keystone3 B105 非智能手机 仿皮革触感设计 ,¥309.00
三星 Galaxy S7 edge G9350 双曲面 5.5英寸 屏 4G 智能手机 钛泽银 ,¥4199.00
三星 Galaxy C7 Pro（C7010）全网通4G 智能手机 (4GB+64GB)枫叶金 ,¥2899.00
三星(SAMSUNG) Galaxy A9 (SM-A9000) 4G手机 双卡双待 女王粉 3GB+32GB全网通 标配 ,¥2198.00
全球购 三星(SAMSUNG) W2016 双卡双待4G手机 电信4G 尊崇银 3GB+64GB 标配 ,¥10299.00
三星 Galaxy S6 Edge+（G9280） 手机 雪晶白 标准版(4G RAM+32G ROM) ,¥3579.00
三星 Galaxy S7 edge（G9350）手机全网通4G 双卡双待 铂光金 标准版(4G RAM+32G ROM) ,¥4788.00
三星(SAMSUNG) Galaxy C5 Pro(C5010) 4G手机 双卡双待 碧湖蓝 全网通(4G RAM+64G ROM)标配 ,¥2499.00
三星 Galaxy S7 4G手机 星钻黑 全网通(G9300 4G+32G) ,¥3999.00
SAMSUNG 三星 Galaxy S7 G9300（930FD） 5.1英寸 港版现货 金色 32GB ,¥3688.00
三星 港货 Galaxy S7 八核双卡双待4G智能安卓防水手机 黑色 32GB ,¥3288.00
【eBay精选】三星/Samsung Galaxy Note 5 N920C 4G 黑色 32G ,¥4043.00
【eBay精选】三星/Samsung Galaxy A9 A9000 Sim 智能手机 ,¥2717.00
Samsung 三星Galaxy C7 (C7000) 64GB 5.7英寸 八核智能手机 枫叶金 ,¥2398.00
SAMSUNG 三星 Galaxy S7 edge G935FD移动联通 全球购 海外版 金色 32G ,¥4288.00
三星 Galaxy S7 G9300 全网通IP68级防尘防水，5.1英寸屏，4GB大内存 铂光金 32G ,¥3899.00
Samsung 三星 Keystone3 B105 非智能手机 仿皮革触感设计 ,¥299.00
三星w2013 至尊版 电信3G ,¥2999.00
三星Galaxy J5108 移动定制版 (2G RAM+16GROM) 5.2英寸屏金属 白色 ,¥1599.00
全球购 新品 SAMSUNG 三星 GALAXY S8 双4G 海外版 双曲面防水 珊瑚蓝 双4G 64GB ,¥6988.00
三星（SAMSUNG）Galaxy C7 Pro（C7010）全网通4G手机 双卡双待 深蓝色 ,¥3138.00
三星 Galaxy S6 Edge+ G9287 双卡 移动联通4G 港版 金色 ,¥4499.00
SAMSUNG　三星 Galaxy J1 Mini 手机(J106H) 白色 ,¥788.00
全球购 三星 G9198 大器4 双卡双待 移动 联通4G 商务手机 蓝色 香港直邮 国行 ,¥7888.00
三星 Galaxy S7 edge（G9350）手机 银色 4GB+64GB 全网通 标配 ,¥6484.00
全球购 三星 Galaxy C7（SM-C7000）全网通4G手机 双卡双待 蔷薇粉 4GB+32GB ,¥2199.00
预售 三星 Galaxy S8/S8+ 曲面屏设计 全网通智能手机 新品发布 预售 S8 蓝色 4G+64G ,¥9999.00
全球购 亚太版 三星 Galaxy E7 移动联通4G智能手机 蓝色双卡双待 ,暂无报价
SAMSUNG 三星 GALAXY J5 PRIME (G5700) 4G智能手机 双卡 粉红色 ,¥1599.00
三星 W2016 金色 电信4G手机 双卡双待单通 全新原装+正品 尊贵金 ,¥9999.00
(SAMSUNG) 三星 GALAXY J3 Pro（J3110/J3119）手机 NFC 金色 双网通4G(2GB RAM+16GB ROM)标配 ,¥898.00
三星 Galaxy J7109 电信4G手机 流沙金 电信4G ,¥1588.00
三星 Galaxy C7 Pro (C7010) 手机 枫叶金 全网通4G(4G RAM+64G ROM)标配 ,¥2899.00
三星Galaxy C7（SM-C7000）全网通4G移动联通电信 智能手机 (4GB+32GB) 枫叶金 ,¥2199.00
全球购 新品 SAMSUNG 三星 GALAXY S8+ 双4G 海外版 双曲面防水 迷夜黑 双4G 128GB ,¥8399.00
全球购 三星 Galaxy C7 Pro（C7010）新款原装正品 移动联通电信4G 枫叶金4G+64G ,暂无报价
三星 W789 电信3G手机 双卡双待 金色 官方标配 ,¥899.00
三星（Samsung）SM-W2016 电信4G 翻盖商务智能手机 尊贵金 3GB+64GB电信版 标配 ,¥10888.00
三星 Galaxy On5（G5700）手机 钛岩黑 全网通 (3GB RAM+32GB ROM) 标配 ,¥1399.00
【eBay精选】三星（Samsung）Galaxy J7 J700H 8GB 黑色 ,¥1636.00
三星 SAMSUNG W2016 翻盖智能4G手机 双卡双待单通 心系天下系列 W2016+尊崇银 ,¥10588.00
【小屏预售】三星 SAMSUNG S8 曲面屏设计随机版本发货 超大屏幕占比 智能手机 枫叶金 ,¥7999.00
全球购 三星 Galaxy C5（SM-C5000） 双卡双待 移动联通电信4G手机 枫叶金 32G ,¥2199.00
全球购 三星(SAMSUNG) Galaxy A7 (SM-A7100) 双卡双待4G手机 粉色 享受30/180服务 请安心购买 ,¥1999.00
三星 Galaxy J3（J3119）全新+原装 电信4G手机 双卡 流光金 ,¥769.00
SAMSUNG 三星 Galaxy S7 edge G9350 港版5.5英寸双曲面屏幕 银色 32G ,¥4088.00
全新正品行货/三星 SM-W2015 翻盖 电信4G手机 双模双待 金色 ,¥5999.00
三星(SAMSUNG) Galaxy C7 (SM-C7000) 4G手机 双卡双待 蔷薇粉 4GB+32GB全网通 标配 ,¥2168.00
三星GALAXY S8 S8 星夜黑 4GB+64GB标配（韩版单卡移动联通双4G） ,¥6399.00
三星 Galaxy On7（G6100）手机 臻金色 现货 金色 全网通（3+32G） ,¥1599.00
三星 W2016 翻盖智能手机 双卡双待 尊贵金 电信4G标配版 ,¥8579.00
三星 Galaxy C9 Pro (C9000)手机 枫叶金 全网通(6GRAM+64G ROM) ,¥3199.00
三星（SAMSUNG）Galaxy C5 Pro（C5010） 碧湖蓝 全网通(4G RAM+64G ROM) 标配 ,¥2499.00
三星 Galaxy On5 （G5520） 全网通4G手机 金色 全网通4G(2GRAM+16GRAM) ,¥888.00
三星 Galaxy S6 G9200 星钻黑 32G ,¥2899.88
三星(SAMSUNG) Galaxy A9 (SM-A9000) 4G手机 双卡双待 女王粉 3GB+32GB全网通 标配 ,¥2399.00
三星 Galaxy J3 PRO （J3119）电信4G双卡双待智能手机 金色 ,¥719.00
三星 Galaxy C7 Pro(C7010) 全网通4G 双卡双待智能手机 全网通手机 苍海蓝 全网通(4G+64G) ,¥2899.00
三星 Galaxy C9 Pro（C9000）6GB+64GB 5.7大屏旗舰 双卡双待 金 ,¥2999.00
三星(SAMSUNG) Galaxy C9 Pro (C9000) 4G手机 双卡双待 枫叶金 6GB+64GB全网通 标配 ,¥3637.00
三星Galaxy A9 (SM-A9100) 全网通4G手机 精灵黑 (4G RAM+32G ROM) ,¥2489.00
三星 Galaxy Note5（N9200） 雪晶白 全网通(4GB RAM+32G ROM) ,¥3499.00
【6期白条免息】三星 C7 Pro（C7010）4G手机 双卡双待 沧海蓝 全网通(4G RAM+64G ROM)标配 ,¥2599.00
【京东配送】Samsung/三星 Galaxy On5 SM-G5700 流沙金 移动4G/联通4G/电信4G(3G+32G) ,¥1299.00
Samsung 三星 Galaxy C5 (C5000) 5.2英寸双卡 智能手机 木炭灰64GB ,¥2378.00
全球购 香港 三星Galaxy Note5 N9200 香港地区 港版 金色 64GB ,¥5288.00
三星 Galaxy S6 Edge+ G9287 双卡 移动联通4G 港版 G9287银色 ,¥4499.00
SAMSUNG 三星 Galaxy S7 edge G9350 5.5英寸双曲面屏幕 珊瑚蓝 ,¥4398.00
三星(SAMSUNG) Galaxy C7(C7000) 4G 智能手机 5.7英寸 粉色 64GB ,¥2958.00
三星(SAMSUNG) Galaxy C5 (SM-C5000) 4G手机 双卡双待 烟雨灰 4GB+32GB全网通 标配 ,¥1688.00
三星 Galaxy J7109 电信4G手机 流沙金 电信4G ,¥1588.00
SAMSUNG 三星 Galaxy S7 G9300（930FD）5.1英寸 直面屏幕 黑色 ,¥3599.00
全球购 三星（Samsung） Galaxy C9 Pro 6英寸通4G智能手机 蔷薇粉 6G+32GB 享受30/180服务 让心安 ,¥2999.00
三星 (SAMSUNG) W999 电信3G手机 黑色 ,¥2188.00
三星 G9198 大器4 双卡双待 移动 联通4G 商务手机 蓝色 16GB 官方标配 ,¥9399.00
SAMSUNG　三星Galaxy S6 Edge 4GB+32GB 全网通电信4G手机 白色 ,¥2980.00
三星 Galaxy C5（SM-C5000）双卡双待 4G手机 蔷薇粉 全网通(4G RAM+32G ROM)标配 ,¥1999.00
三星 Galaxy C5（SM-C5000）双卡双待 手机 烟雨灰 全网通4G (4G RAM+32G ROM) 标配 ,¥1699.00
三星(SAMSUNG) 2016版 Galaxy On5(G5700) 4G手机 双卡双待 嫣霞粉 全网通(3G RAM+32G ROM)标配 ,¥1095.00
三星Galaxy On7(G6100) 全网通 双卡双待 手机 流沙金 ,¥1499.00
三星 W2017 4G翻盖智能手机 金色 电信4G(4GB RAM+64GB ROM)标准版 ,¥13559.00
三星 W2016 翻盖智能手机 双卡双待 尊崇银(2016+) 电信4G标配版 ,¥9588.00
三星 Galaxy C9 Pro(C9000) 4G手机 双卡双待 枫叶金 全网通(6G+64G) ,¥2999.00
三星（SAMSUNG）Galaxy A9 (A9000)双卡双待 移动联通版4G智能手机 金色 ,¥2688.00
三星（SAMSUNG）W2017 双卡双待 翻盖4G手机 黑色 ,¥18999.00
手握 三星W2016 心系天下 电信4G手机 双卡双待单通 曲面玻璃 秉承 传承 创新 尊贵金 ,¥12888.00
三星(SAMSUNG) Galaxy C5 (SM-C5000) 4G手机 双卡双待 枫叶金 4GB+64GB全网通 标配 ,¥1899.00
全新亚太版 三星Galaxy S7 edge 曲屏 G935FD 移动联通双4G 智能手机 黑色 4G+64GB 官方标配 ,¥3788.00
全球购 三星 Galaxy A9（SM-A9100）移动联通电信4G手机 4GB+32GB 雪域白 ,暂无报价
三星 Galaxy On5 G5700 金 粉 粉色 G5700 3+32G ,¥1399.00
三星（SAMSUNG）Galaxy C5 Pro（C5010）手机 高配版 金色 （4+64G）官方标配 ,¥2458.00
三星 SAMSUNG Galaxy S6直屏版 G9200 双卡双待双4G智能手机 金色 ,¥2988.00
三星(SAMSUNG) 大器3 SM-G9092 联通手机 双卡双待 名仕蓝 (2G RAM+32G ROM) 标配 ,¥3199.00
三星 Galaxy C7（SM-C7000）4G全网通智能手机 枫叶金 32GB ,¥2178.00
SAMSUNG 三星 Galaxy S7 G9300（930FD） 5.1英寸 港版现货 玫瑰金 32GB ,¥4388.00
三星 Galaxy C7（SM-C7000）32GB版 全网通 4G 手机 热售 银色 全网通32G ,¥2499.00
全球购 Samsung 三星 SM-J3110 J3 pro 移动 联通 双4G 公开版 J3110 银色 ,¥1099.00
三星（SAMSUNG）GalaxyA9(A9000）双卡双待 移动联通版4G智能手机 白色 ,¥2748.00
三星(SAMSUNG) E1200R升级版B105 直板按键学生老人机备用待机长小手机 ,¥328.00
三星（SAMSUNG）Galaxy C5 Pro（C5010） 枫叶金 4GB+64GB ,¥2599.00
三星(SAMSUNG) J5 Prime (G5700) 4G智能手机 双卡双待 港版 金色 ,¥1768.00
三星 Galaxy C7 Pro（C7010）4G手机 双卡双待 蔷薇粉 4GB+64G全网通4G 高配 ,¥3169.00
SUMSUNG/三星 Galaxy A9（SM-A9100）手机 移动联通电信4G高配版 黑色 全网通（4+32G） ,¥2668.00
三星 领世旗舰Ⅲ G9198 移动联通4G手机 双卡双待 寰宇蓝 ,¥7866.00
三星(SAMSUNG) Galaxy A9 (SM-A9000) 4G手机 双卡双待 女王粉 3GB+32GB全网通 标配 ,¥2639.00
三星(SAMSUNG) W2017 4G手机 金色 电信版(4G RAM+64G ROM)标配 ,¥13999.00
三星 2016版 Galaxy On7（G6100） 双卡双待 钛岩黑 全网通 (3G RAM+32G RAM) 标配 ,¥1476.00
三星 Galaxy Note5（N9200）32G版 全网通4G手机 双卡双待 雪晶白 标配版 ,¥3659.00
三星 2016版 Galaxy On5 （G5700）全网通双卡双待 4G手机 流沙金 全网通 (3G RAM+32G ROM) 标配 ,¥1119.00
三星 领世旗舰Ⅲ G9198 寰宇蓝 移动联通双4G手机 ,¥7288.00
【eBay精选】三星/Samsung Galaxy S7 32GB G930F智能手机 白色 ,¥3541.00
三星(SAMSUNG) Galaxy C7 (SM-C7000) 4G手机 双卡双待 蔷薇粉 4GB+64GB全网通 标配 ,¥2228.00
Samsung 三星 SM- W2016 电信4G 翻盖商务手机 尊贵金 3GB+64GB电信版 标配 ,¥11888.00
三星(SAMSUNG) 2016版 Galaxy On5（G5510）4G 双卡双待手机 流沙金 全网通4G (2G RAM+16G ROM) 标配 ,¥809.00
全球购 三星 Galaxy C5（SM-C5000） 双卡双待 移动联通电信4G手机 枫叶金 32G ,暂无报价
全球购 三星 SM-W2017 心系天下 4G双卡 双屏翻盖 智能手机 尊贵金 64G ,¥18888.00
三星 Galaxy A7 (SM-A7100) 全网通 4G手机 双卡 金色 ,¥2288.00
三星 Galaxy S6 Edge+（G9280）32GB版 全网通4G 双卡双待 金色32G ,¥3988.00
全球购 三星(SAMSUNG) W2017 翻盖手机 电信4G版(4G+64G)标配 金色 ,¥16999.00
三星(SAMSUNG) Galaxy C9 Pro (C9000) 4G手机 双卡双待 枫叶金 6GB+64GB全网通 标配 ,¥2799.00
全球购 三星(SAMSUNG) W2017 翻盖手机 电信4G版(4G+64G)标配 金色（W2017） ,¥16288.00
三星(SAMSUNG) Galaxy C9 Pro (C9000) 4G手机 双卡双待 枫叶金 6GB+64GB全网通 标配 ,¥2935.00
三星 Galaxy C7 Pro（C7010）4G手机 双卡双待 枫叶金 4GB+64G全网通4G 高配 ,¥2298.00
三星（SAMSUNG）Galaxy S7 G9300移动联通双卡4G 八核运行智能防水手机 白色 ,¥3798.00
三星(SAMSUNG) W2016双卡双待 电信4G标配版手机 金色 ,¥8788.00
全球购 三星Galaxy S6 Edge G9250 双曲屏 智能手机 港版 松珀绿 32GB ,¥3088.00
三星 J3 Pro 手机 金色 移动联通双4G(2G RAM+16GROM)套餐 ,¥799.00
三星 Galaxy Folder (SM-G1600) 翻盖手机 金色 全网通(2GRAM+16GROM)标配 ,¥1451.00
全球购 三星 领世旗舰Ⅲ G9198 大器4 双卡3.9英寸双4G商务手机 蓝色 2GB+16GB 享受30/180服务 请安心购买 ,¥8988.00
全球购 海外版 三星GAIAXY S6 Edge IRON MAN 钢铁侠 G925S 联通 4G 智能手机 64GB 限量版 ,¥15988.00
三星（J3110） 移动联通4G手机 2GB+16GB 银色 ,¥1288.00
三星（SAMSUNG）Galaxy S7 G9300移动联通双卡4G 八核运行智能防水手机 金色 ,¥3848.00
三星(SAMSUNG) Galaxy C9 Pro (C9000) 4G手机 双卡双待 蔷薇粉 ,¥3299.00
全球购 港行 三星 Galaxy S6 Edge +(G9287) 双卡 移动联通 钛泽白 32GB ,¥3188.00
全球购 三星 Galaxy On7 5.5英寸双卡4G智能手机 全网通 G6100 粉色 3G +32G 享受30/180服务 请安心购买 ,¥1699.00
全球购 三星 GALAXY GEAR S2 R7230 黛墨黑 标配 ,¥2388.00
三星（SAMSUNG）Galaxy S7 edge 全网通双卡 双曲面屏5.5英寸智能手机 银色32G ,¥3968.00
【eBay精选】三星/Samsung Galaxy S7 G930FD 32G智能手机 银色 ,¥3815.00
【eBay精选】三星/Samsung A7 (2016) A7100 4G智能手机 白色 ,¥2187.00
【eBay精选】三星Galaxy C7（C7000）全网通4G手机 64GB 枫叶金 ,¥2374.00
三星(SAMSUNG)旗舰产品 SW-W2017 翻盖商务4G手机 双卡双待 金色 4GB+64GB电信版 标配 ,¥16666.00
SAMSUNG 三星 GALAXY J5 PRIME (G5700) 4G智能手机 双卡 金色 ,¥1638.00
三星GALAXY Note 5 N9200三网港版 双卡 N9208双网台版 双卡 金色 32G港版 ,¥3888.00
SAMSUNG 三星 G6100 Galaxy J7 Prime 双4G 智能手机 32G 金色 ,¥1798.00
全球购 三星 Galaxy S7 G9300 直屏 双4G 5.1英寸 港版 现货 银色 ,¥3400.00
全球购 三星（SAMSUNG）W2016/W2017 双卡 4G电信智能手机 金色 W2016 3G+64G 享受30/180服务 让心安心购买 ,¥12999.00
Samsung 三星 GALAXY S8 Plus 6.2寸 双曲屏 S8+ 手机 预售 珊瑚蓝 64G ,¥9999.00
三星 Galaxy C5 Pro（C5010） 智能手机 枫叶金 全网通 4G RAM+64G ROM 标配 ,¥2499.00
三星 Galaxy A7（SM-A7000）4G手机 黑色 ,¥1988.00
三星(SAMSUNG) 2016版 Galaxy On7（G6100）4G手机 双卡双待 流沙金 全网通 (3G RAM+32G ROM)标配 ,¥1429.00
Samsung/三星 Galaxy C9 Pro SM-C9000手机盖乐世c9pro 蔷薇粉 全网通4G (64G ROM)标配版 ,¥3199.00
【6期白条免息】三星Galaxy C5 Pro（C5010） 蔷薇粉 全网通(4GRAM+64GROM)标配 ,¥2199.00
三星(SAMSUNG) W2017 金色 双卡双待 电信4G手机 ,¥13888.00
三星 2016版 Galaxy On7（G6100） 4G手机 双卡双待 流沙金 全网通4G(3GRAM+32GRAM)标配 ,¥1418.00
【eBay精选】三星Samsung Galaxy S7 edge 32G智能手机G9350 黑色 ,¥3932.00
全球购 三星Galaxy S6 Edge G9250 港版 白色 32GB ,¥4488.00
三星 Galaxy C9 Pro(C9000) 全网通4G 双卡双待手机 墨玉黑 全网通(6G+64G) ,¥3199.00
SAMSUNG 三星 Galaxy S7 G9300（930FD）5.1英寸 直面屏幕 玫瑰金色 32GB ,暂无报价
三星 2016版 Galaxy On7(G6100) 流沙金 (3G RAM+32G ROM)高配 ,¥1416.00
Galaxy三星 S6 Edge G9250 智能手机 全网通 黑色 64G ,¥3588.00
三星 Galaxy C7（SM-C7000） 蔷薇粉 全网通版(4GRAM+32GROM) ,¥2399.00
三星 Galaxy On5（G5500） 移动联通4G手机 白色 标配版 ,¥799.00
三星 Galaxy C9 Pro（C9000） 全网通4G手机 双卡双待 墨玉黑 (6G RAM+64G ROM) 标准 ,¥3199.00
三星 Galaxy S7 edge（G9350）移动联通电信 4G手机 双卡双待 曜石黑 全网通(4GB RAM+128GB ROM) ,¥5988.00
三星GALAXY J3 Pro 手机 金色 电信4G (2G RAM+16GROM)标配版 ,¥715.00
三星(SAMSUNG) GALAXY J3 Pro(J3110) 4G手机 双卡双待 金色 移动联通(2G RAM+16G ROM) 标配 ,¥779.00
三星(SAMSUNG) J3 Pro (J3119) 电信4G手机 双卡双待 金色 (2G RAM+16G ROM) 标配 ,¥718.00
三星 Galaxy C5 (SM-C5000)手机 蔷薇粉 全网通4G (4G RAM+32G ROM) 标配 ,¥1649.00
